{"mini_batch_loss": 4.159454345703125, "_timestamp": 1690382200.5789618, "_runtime": 327.14459776878357, "_step": 295, "_wandb": {"runtime": 326}}