{"mini_batch_loss": 211.06895446777344, "_timestamp": 1690352151.9893315, "_runtime": 26.13896656036377, "_step": 0, "_wandb": {"runtime": 29}}