{"labels_size at 0": 11000, "_timestamp": 1690804418.116789, "_runtime": 24.093754053115845, "_step": 0, "_wandb": {"runtime": 12}}