{"mini_batch_loss": 4.606391429901123, "_timestamp": 1690358832.349512, "_runtime": 575.2944250106812, "_step": 526}