{"mini_batch_loss": 12.404081344604492, "_timestamp": 1690385106.4129155, "_runtime": 493.75997138023376, "_step": 632}