{"mini_batch_loss": 3024.052978515625, "_timestamp": 1690384384.963568, "_runtime": 18.358479022979736, "_step": 0}