{"mini_batch_loss": 2.7734375, "_timestamp": 1690384515.1911259, "_runtime": 65.18297696113586, "_step": 81, "_wandb": {"runtime": 64}}