{"labels_size at 0": 11000, "_timestamp": 1690819840.10414, "_runtime": 15141.74647307396, "_step": 9999, "mini_batch_loss": 8.918717071537685e-07, "_wandb": {"runtime": 15139}}