{"mini_batch_loss": 0.0594635009765625, "_timestamp": 1692610266.1344235, "_runtime": 254.33147740364075, "_step": 23651}