{"labels_size at 0": 90, "_timestamp": 1690695823.633449, "_runtime": 843.9025421142578, "_step": 3825, "mini_batch_loss": 4.515625, "_wandb": {"runtime": 844}}