{"mini_batch_loss": 3175.700927734375, "_timestamp": 1690384318.8552983, "_runtime": 26.972637176513672, "_step": 0, "_wandb": {"runtime": 23}}