{"labels_size at 0": 1000, "_timestamp": 1690724458.879713, "_runtime": 15182.23727607727, "_step": 1417, "mini_batch_loss": 0.03484212979674339, "_wandb": {"runtime": 15183}}