{"labels_size at 0": 90, "_timestamp": 1690470193.4933712, "_runtime": 202.35240626335144, "_step": 99, "mini_batch_loss": 26.607627868652344, "_wandb": {"runtime": 202}}