{"labels_size at 0": 90, "_timestamp": 1690694112.229244, "_runtime": 22.535912036895752, "_step": 1, "mini_batch_loss": NaN, "_wandb": {"runtime": 23}}