{"mini_batch_loss": 211.06895446777344, "_timestamp": 1690352263.8343983, "_runtime": 26.10024619102478, "_step": 0, "_wandb": {"runtime": 29}}