{"mini_batch_loss": 4.605169773101807, "_timestamp": 1690354040.9336307, "_runtime": 990.4045617580414, "_step": 900}