{"labels_size at 0": 11000, "_timestamp": 1690804580.8814201, "_runtime": 15.309404134750366, "_step": 0, "_wandb": {"runtime": 12}}