{"total_loss": 1.3862943649291992, "_timestamp": 1690348055.3518577, "_runtime": 366.21648263931274, "_step": 499, "_wandb": {"runtime": 365}}