{"mini_batch_loss": 105.1451644897461, "_timestamp": 1690463804.2850301, "_runtime": 36.1915922164917, "_step": 9}