{"mini_batch_loss": 211.06895446777344, "_timestamp": 1690352198.4536648, "_runtime": 26.066450834274292, "_step": 0, "_wandb": {"runtime": 28}}