{"labels_size at 0": 90, "_timestamp": 1690694922.3122785, "_runtime": 420.8380024433136, "_step": 1871, "mini_batch_loss": 0.001500719110481441, "_wandb": {"runtime": 419}}