{"labels_size at 0": 90, "_timestamp": 1690464011.6090338, "_runtime": 197.43357181549072, "_step": 99, "mini_batch_loss": 4.515798568725586, "_wandb": {"runtime": 197}}