{"mini_batch_loss": 4.499522686004639, "_timestamp": 1690694464.5131302, "_runtime": 121.89552021026611, "_step": 475}