{"mini_batch_loss": 2.3119871616363525, "_timestamp": 1690351488.4493794, "_runtime": 1066.087241411209, "_step": 1726}