{"mini_batch_loss": 211.06895446777344, "_timestamp": 1690352316.1366315, "_runtime": 25.884568452835083, "_step": 0, "_wandb": {"runtime": 28}}