{"labels_size at 0": 1100, "_timestamp": 1690801095.7549446, "_runtime": 87.51267552375793, "_step": 475, "mini_batch_loss": 4.719174385070801, "_wandb": {"runtime": 86}}