{"mini_batch_loss": 4.617300987243652, "_timestamp": 1690375664.5351918, "_runtime": 85.05953478813171, "_step": 57, "_wandb": {"runtime": 84}}