{"labels_size at 0": 16, "_timestamp": 1690442044.238106, "_runtime": 541.0986359119415, "_step": 1463, "mini_batch_loss": 2.7800471782684326, "_wandb": {"runtime": 535}}