{"total_loss": 1.3862943649291992, "_timestamp": 1690349172.2342205, "_runtime": 50.53146457672119, "_step": 49, "_wandb": {"runtime": 50}}