{"labels_size at 0": 11000, "_timestamp": 1690804644.6674879, "_runtime": 17.456880807876587, "_step": 0, "_wandb": {"runtime": 10}}