{"labels_size at 0": 90, "_timestamp": 1690451205.3636668, "_runtime": 180.77274584770203, "_step": 99, "mini_batch_loss": 4.5, "_wandb": {"runtime": 181}}