{"labels_size at 0": 90, "_timestamp": 1690451903.6382525, "_runtime": 182.8025095462799, "_step": 99, "mini_batch_loss": 4.499522686004639, "_wandb": {"runtime": 182}}