{"total_loss": 1.3862943649291992, "_timestamp": 1690349038.408836, "_runtime": 97.79781889915466, "_step": 120, "_wandb": {"runtime": 97}}