{"labels_size at 0": 90, "_timestamp": 1690462791.6860166, "_runtime": 182.55547451972961, "_step": 99, "mini_batch_loss": 4.499457359313965, "_wandb": {"runtime": 182}}