{"labels_size at 0": 90, "_timestamp": 1690465947.3757057, "_runtime": 25.890124797821045, "_step": 1, "mini_batch_loss": 93.26322174072266, "_wandb": {"runtime": 23}}