{"mini_batch_loss": 3096.71044921875, "_timestamp": 1690384252.7507687, "_runtime": 23.78358554840088, "_step": 0, "_wandb": {"runtime": 25}}