{"mini_batch_loss": 105.1451644897461, "_timestamp": 1690466012.4933026, "_runtime": 18.279324531555176, "_step": 1}