{"labels_size at 0": 90, "_timestamp": 1690694322.221476, "_runtime": 22.33185601234436, "_step": 1, "mini_batch_loss": NaN, "_wandb": {"runtime": 23}}