{"mini_batch_loss": 3350.884765625, "_timestamp": 1690439744.7182975, "_runtime": 18.142489433288574, "_step": 1}