{"labels_size at 0": 64, "_timestamp": 1690470611.9967754, "_runtime": 20.611030340194702, "_step": 1, "mini_batch_loss": 81.99252319335938, "_wandb": {"runtime": 21}}