{"mini_batch_loss": 3152.276611328125, "_timestamp": 1690384071.5837858, "_runtime": 24.43180775642395, "_step": 0, "_wandb": {"runtime": 26}}