{"labels_size at 0": 1000, "_timestamp": 1690702961.7483847, "_runtime": 2377.328709602356, "_step": 221, "mini_batch_loss": 4.479827880859375, "_wandb": {"runtime": 2379}}