{"labels_size at 0": 50, "_timestamp": 1690450845.1311502, "_runtime": 17.008284330368042, "_step": 1, "mini_batch_loss": 3468.636962890625, "_wandb": {"runtime": 17}}