{"labels_size at 0": [16], "_timestamp": 1690441493.0720425, "_runtime": 101.14044547080994, "_step": 239, "mini_batch_loss": 2.7743911743164062, "_wandb": {"runtime": 100}}