{"labels_size at 0": 32, "_timestamp": 1690470793.1463995, "_runtime": 126.9594213962555, "_step": 267, "mini_batch_loss": NaN, "_wandb": {"runtime": 126}}