{"mini_batch_loss": 4.607605934143066, "_timestamp": 1690377760.4630787, "_runtime": 971.3299746513367, "_step": 903}