{"labels_size at 0": 100, "_timestamp": 1690450955.1348321, "_runtime": 48.37100410461426, "_step": 17, "mini_batch_loss": 484.32537841796875, "_wandb": {"runtime": 47}}