{"labels_size at 0": 90, "_timestamp": 1690694267.4044316, "_runtime": 22.200676679611206, "_step": 1, "mini_batch_loss": NaN, "_wandb": {"runtime": 23}}