{"mini_batch_loss": 0.11103515326976776, "_timestamp": 1692609565.5179708, "_runtime": 139.9354317188263, "_step": 13559, "_wandb": {"runtime": 138}}