{"labels_size at 0": 11000, "_timestamp": 1690804337.6720438, "_runtime": 3224.252682685852, "_step": 1863, "mini_batch_loss": 7.005584716796875, "_wandb": {"runtime": 3224}}