{"labels_size at 0": 90, "_timestamp": 1690470558.1310866, "_runtime": 22.416985511779785, "_step": 1, "mini_batch_loss": 93.26322174072266, "_wandb": {"runtime": 24}}