{"labels_size at 0": 32, "_timestamp": 1690471260.0858138, "_runtime": 18.40654182434082, "_step": 1, "mini_batch_loss": NaN, "_wandb": {"runtime": 17}}