{"mini_batch_loss": 3.883056640625, "_timestamp": 1690384598.5650032, "_runtime": 59.94412112236023, "_step": 63, "_wandb": {"runtime": 59}}