{"total_loss": 1.3862943649291992, "_timestamp": 1690347656.0012615, "_runtime": 84.11515545845032, "_step": 99, "_wandb": {"runtime": 83}}