{"labels_size at 0": 11000, "_timestamp": 1690772377.3668416, "_runtime": 44031.82455444336, "_step": 9999, "mini_batch_loss": 7.008537769317627, "_wandb": {"runtime": 44031}}