{"mini_batch_loss": 211.06895446777344, "_timestamp": 1690352007.4944832, "_runtime": 26.47804617881775, "_step": 0, "_wandb": {"runtime": 29}}