{"labels_size at 0": 90, "_timestamp": 1690464448.4898288, "_runtime": 200.32543873786926, "_step": 99, "mini_batch_loss": 4.542817115783691, "_wandb": {"runtime": 200}}