{"labels_size at 0": 1000, "_timestamp": 1690725160.1630132, "_runtime": 39.94217610359192, "_step": 59, "mini_batch_loss": 6.584011554718018, "_wandb": {"runtime": 44}}