{"labels_size at 0": 11000, "_timestamp": 1690728297.3606741, "_runtime": 3091.98024225235, "_step": 81, "mini_batch_loss": 8.89604377746582, "_wandb": {"runtime": 3119}}