{"labels_size at 0": 90, "_timestamp": 1690699225.807839, "_runtime": 3109.488102912903, "_step": 325, "mini_batch_loss": 1.2677571773529053, "_wandb": {"runtime": 3124}}