{"labels_size at 0": 90, "_timestamp": 1690467649.437445, "_runtime": 203.4741690158844, "_step": 99, "mini_batch_loss": 56.47304153442383, "_wandb": {"runtime": 204}}