{"mini_batch_loss": 3152.276611328125, "_timestamp": 1690384182.6565235, "_runtime": 24.56513738632202, "_step": 0, "_wandb": {"runtime": 26}}