{"mini_batch_loss": NaN, "_timestamp": 1690383946.7778604, "_runtime": 835.2590353488922, "_step": 601, "_wandb": {"runtime": 836}}